{
    "components": [
        {
            "cachedName": "LWJGL 2",
            "cachedVersion": "2.9.4-nightly-20150209",
            "cachedVolatile": true,
            "dependencyOnly": true,
            "uid": "org.lwjgl",
            "version": "2.9.4-nightly-20150209"
        },
        {
            "cachedName": "Minecraft",
            "cachedRequires": [
                {
                    "suggests": "2.9.4-nightly-20150209",
                    "uid": "org.lwjgl"
                }
            ],
            "cachedVersion": "b1.1_02",
            "important": true,
            "uid": "net.minecraft",
            "version": "b1.1_02"
        },
        {
            "cachedName": "minecraft (jar mod)",
            "uid": "custom.jarmod.29261ab6-5054-49ba-b2a3-e022bcdb6731"
        },
        {
            "cachedName": "NeonGrassAlpha1_2_6 (jar mod)",
            "disabled": true,
            "uid": "custom.jarmod.84cb6e2a-d5c6-4419-bd30-9418b0caf58f"
        }
    ],
    "formatVersion": 1
}
