{
    "components": [
        {
            "cachedName": "LWJGL 2",
            "cachedVersion": "2.9.4-nightly-20150209",
            "cachedVolatile": true,
            "dependencyOnly": true,
            "uid": "org.lwjgl",
            "version": "2.9.4-nightly-20150209"
        },
        {
            "cachedName": "Minecraft",
            "cachedRequires": [
                {
                    "suggests": "2.9.4-nightly-20150209",
                    "uid": "org.lwjgl"
                }
            ],
            "cachedVersion": "b1.1_02",
            "important": true,
            "uid": "net.minecraft",
            "version": "b1.1_02"
        },
        {
            "cachedName": "minecraft (jar mod)",
            "uid": "custom.jarmod.d37e54b6-9526-43d8-b310-edbbf3fa6741"
        }
    ],
    "formatVersion": 1
}
